id;codigo Otto;nivel Otto;nome da bacia hidrografica;nome do curso principal;principais afluentes;sub-bacias hidrograficas;suprabacia(s);ordem de Horton-Strahler;ordem de Gravelius;area total;area territorial;comprimento curso principal;numero de cursos d'agua;soma dos comprimentos do cursos d'agua;comprimento medio dos cursos d'agua;densidade hidrografica;densidade de drenagem;coeficiente de manutencao;distancia da foz ao oceano;distancia da nascente ao oceano;classe de tamanho da bacia;populacao em 2010;numero de municipios;disponibilidade hidrica;populacao_c;demanda total;demanda humana urbana;demanda humana rural;demanda da industria de transformacao;demanda da mineracao;demanda das termoeletricas;demanda animal;demanda da irrigacao
5;6452;4;Bacia do Rio Trombetas;Rio Trombetas;Rio Erepecuru, Lago Urua, Rio Cachorro, Rio Mapuera;Bacia do Rio Cachorro, Bacia do Lago Urua, Bacia do Rio Mapuera, Bacia do Rio Erepecuru;Bacia do Rio Amazonas;8;2;156232,2107;156077,333;834,7525252;10111;34134,71484;3,375997907;0,064717768;0,21848705;4576,930303;813,1177307;1647,870256;Media;105319;10;439,696;105319;2,94401;0,146019;0,0784752;0,000695327;0,310681;2,20639;0,185681;0,0160717
6;6662;4;Bacia do Rio Vermelho;Rio Vermelho;Rio Manuel Alves Grande, Rio Itapecuru, Rio agua Branca, Rio Sereno;Bacia do Rio agua Branca, Bacia do Rio Itapecuru, Bacia do Rio Sereno, Bacia do Rio Manuel Alves Grande;Bacia Tocantins-Araguaia e Bacia do Rio Tocantins;6;3;16503,35454;16503,355;331,0618331;499;2648,205591;5,307025233;0,030236277;0,160464685;6231,900801;1139,886417;1470,94825;Media;28739;8;97,229;28739;1,25854;0,0251996;0,0215381;0,000190382;0;0;0,142091;1,06953
7;6786;4;Bacia do Rio Santo Antonio;Rio Santo Antonio;Rio Guanhaes, Rio Preto do Itambe, Rio do Tanque, Rio do Peixe;Bacia do Rio Preto do Itambe, Bacia do Rio do Tanque, Bacia do Rio do Peixe (MG), Bacia do Rio Guanhaes;Bacia do Rio Doce;6;2;10429,95284;10429,953;278,9746949;386;2051,901343;5,315806589;0,037008796;0,196731603;5083,067405;376,3604792;655,3351741;Media;152372;40;42,02;152372;2,69304;0,249878;0,0795203;0,633977;1,17261;0;0,299776;0,25727
8;6378;4;Bacia do Rio Rio Oiapoque;Rio Oiapoque;Rio Cricou, Rio Mutura, Rio Anotaie;Bacia do Rio Mutura, Bacia do Rio Anotaie, Bacia do Rio Cricou;Nome nao identificado;6;1;25824,85768;12491,623;385,8198876;494;2539,702676;5,141098535;0,019128857;0,098343337;10168,45709;0;385,8198876;Media;14201;5;109,594;14201;0,148308;0,140402;0,00498259;0,000635333;0,000157405;0;0,00209406;3,68E-05
9;6736;4;Bacia do Rio Peria;Rio Peria;Rio Bacaba, Rio Marciano, Rio Grande, Rio da Ribeira;Bacia do Rio Grande, Bacia do Rio da Ribeira, Bacia do Rio Marciano, Bacia do Rio Bacaba;Nome nao identificado;5;1;3368,540145;3302,975;120,5021882;53;349,3411364;6,591342197;0,015733819;0,103706983;9642,552205;0;120,5021882;Pequena;38439;6;0,13;38439;0,0880361;0,0456525;0,0320719;0;0;0;0,00980159;0,000509926
10;6642;4;Bacia do Rio Jacunda;Rio Jacunda;Igarape Acu, Rio Mocajatuba Grande, Rio Panauba;Bacia do Rio Panauba, Bacia do Rio Mocajatuba Grande, Bacia do Igarape Acu;Bacia Tocantins-Araguaia e Bacia do Rio Pacaja;5;3;4833,391949;4833,392;292,4333812;96;571,7452344;5,955679525;0,019861828;0,118290683;8453,751179;270,7441816;563,1775628;Pequena;22897;7;10,677;22897;0,0804821;0,0464247;0,0204371;0;0;0;0,0121986;0,00142193
11;6636;4;Bacia da Baia do Capim;Baia do Capim;Rio Arienga ou Uruenga, Rio Abaete, Rio Meruu-Acu;Bacia do Rio Arienga ou Uruenga, Bacia do Rio Meruu-Acu, Bacia do Rio Abaete;Bacia Tocantins-Araguaia;4;2;2636,653113;2636,653;134,0764907;61;351,660005;5,764918115;0,023135391;0,133373633;7497,73382;134,2370918;268,3135825;Pequena;170894;6;13,833;170894;0,417577;0,258775;0,0816492;0,00713403;3,10E-05;0;0,00494401;0,0650443
12;6486;4;Bacia do Rio Demini;Rio Demini;Rio Cueiras, Rio Araca, Rio Mapulau, Rio Ananaliua;Bacia do Rio Mapulau, Bacia do Rio Ananaliua, Bacia do Rio Araca, Bacia do Rio Cueiras;Bacia do Rio Amazonas e Bacia do Rio Negro;7;3;40867,57489;40835,844;621,7624809;1319;5399,667069;4,093758203;0,032274976;0,132125948;7568,536052;1970,375977;2592,138458;Media;6326;3;164,259;6326;0,00927734;0,00304935;0,00618772;0,00001396;0,000023177;0;0,000002978;0
13;6762;4;Bacia do Rio Grande (BA);Rio Grande;Rio de Janeiro, Rio Preto, Rio de Ondas;Bacia do Rio Preto (BA), Bacia do Rio de Ondas, Bacia do Rio de Janeiro;Bacia do Rio Sao Francisco;7;2;77188,55117;77188,551;560,6996847;1112;6441,059701;5,792319875;0,014406282;0,083445791;11983,82793;1172,100547;1732,800231;Media;387853;37;147,475;387853;36,5929;0,578322;0,165783;0,0864646;0,00160947;0;0,58441;35,1763
14;6746;4;Bacia do Rio Gurgueia;Rio Gurgueia;Rio Santana, Riacho Esfolado, Riacho Curimata;Bacia do Riacho Esfolado, Bacia do Riacho Curimata, Bacia do Rio Santana (PI);Bacia do Rio Parnaiba;7;2;48340,56496;48340,565;783,3932697;1039;5459,811868;5,254871865;0,021493336;0,112944726;8853,888399;708,8262211;1492,219491;Media;182649;39;1,474;182649;1,46559;0,28367;0,0567988;0,00253963;0,000584739;0;0,277793;0,844207
15;6598;4;Bacia de nome nao identificado;Nome nao identificado;Nome nao identificado;Nome nao identificado;Nome nao identificado;3;1;129,2723582;128,969;32,91650314;6;17,99511381;2,999185636;0,046413635;0,139203106;7183,747738;0;32,91650314;Pequena;23;1;0,193;23;0,000022686;0;0,0000205;0;0;0;0;0,0000022
16;6424;4;Bacia do Rio Fresco;Rio Fresco;Rio Arraias, Rio Juari, Riozinho, Rio Branco;Bacia do Riozinho (PA), Bacia do Rio Branco (PA), Bacia do Rio Juari, Bacia do Rio Arraias (PA);Bacia do Rio Amazonas e Bacia do Rio Xingu;7;3;43862,00167;43862,002;627,8721696;3201;10198,86816;3,186150627;0,072978886;0,232521722;4300,673466;1227,235124;1855,107293;Media;108840;12;25,628;108840;1,40792;0,219701;0,0330166;0,0208121;0,00587204;0;1,12363;0,00489171
17;6784;4;Bacia do Rio Suacui Grande;Rio Suacui Grande;Rio Itambacuri, Rio Sao Felix, Rio Urupuca, Rio Cocais;Bacia do Rio Itambacuri, Bacia do Rio Urupuca, Bacia do Rio Cocais, Bacia do Rio Sao Felix;Bacia do Rio Doce;7;2;12407,60334;12407,603;385,0047423;573;2490,987179;4,347272564;0,04618136;0,200762961;4980,998473;288,3657054;673,3704477;Media;207217;43;29,513;207217;1,4077;0,23804;0,121142;0,0137382;0,00658457;0;0,592731;0,435454
18;6618;4;Bacia do Rio Camara;Rio Camara;Rio Sao Miguel;Bacia do Rio Sao Miguel (PA);Bacia Tocantins-Araguaia;4;2;1338,439552;1338,44;114,2313488;33;173,9839483;5,272240857;0,024655577;0,129990143;7692,891014;58,43408334;172,6654321;Pequena;7534;2;3,26;7534;0,0170084;0,00738379;0,00728404;0,000000692;0;0;0,00131741;0,00102249
20;6442;4;Bacia do Rio Jamanxim;Rio Jamanxim;Rio Aruri Grande, Rio Novo, Rio Tocantins, Rio Mutuca;Bacia do Rio Tocantins, Bacia do Rio Aruri Grande, Bacia do Rio Novo (PA) 2, Bacia do Rio Mutuca;Bacia do Rio Amazonas e Bacia do Rio Tapajos;7;3;58081,04925;58081,049;705,730485;4276;13702,83788;3,204592583;0,07362126;0,235926142;4238,614639;1057,326023;1763,056508;Media;34788;5;280,924;34788;0,551144;0,073697;0,0214863;0,00381887;0,00238609;0;0,446338;0,00341853
21;6782;4;Bacia do Rio Manhuacu;Rio Manhuacu;Ribeirao Jequitiba, Rio do Capim, Ribeirao do Funil, Rio Jose Pedro;Bacia do Rio do Capim, Bacia do Ribeirao do Funil, Bacia do Rio Jose Pedro, Bacia do Ribeirao Jequitiba;Bacia do Rio Doce;6;2;8825,784528;8825,785;361,9174693;418;2086,041902;4,990530865;0,047361229;0,236357674;4230,875958;166,8526887;528,770158;Pequena;268806;44;308,051;268806;1,94213;0,365161;0,156694;0,0306722;0,00143627;0;0,313269;1,07489
22;6418;4;Bacia do Rio Paru;Rio Paru;Igarape Tacurana, Igarape Itapecuru, Rio Citare, Igarape Atauale;Bacia do Rio Citare, Bacia do Igarape Atauale, Bacia do Igarape Itapecuru, Bacia do Igarape Tacurana;Bacia do Rio Amazonas;7;2;42415,11071;42338,256;931,5700154;1948;7284,378446;3,739413987;0,045927029;0,171740173;5822,749466;348,8049707;1280,374986;Media;19396;5;58,136;19396;1,26564;0,0186642;0,00674499;0,319821;0,000100302;0,902489;0,0173833;0,000441463
23;6754;4;Bacia do Rio Jaguaribe;Rio Jaguaribe;Rio Salgado, Riacho Conceicao, Rio Banabuiu, Rio dos Bastioes;Bacia do Riacho Conceicao, Bacia do Rio Banabuiu, Bacia do Rio dos Bastioes, Bacia do Rio Salgado;Nome nao identificado;8;1;73120,78061;73120,672;704,4533102;2886;11615,79033;4,024875374;0,039468944;0,158857581;6294,946666;0;704,4533102;Media;2271583;120;21,149;2271583;25,4752;3,37158;0,912004;0,571456;0,00851885;0;1,63312;18,9785
24;6768;4;Bacia do Rio Paracatu;Rio Paracatu;Rio do Sono e Rio Santo Antonio, Rio Preto, Rio da Prata, Ribeirao Sao Pedro;Bacia Sono-Santo Antonio, Bacia do Rio Preto (DF/GO/MG), Bacia do Ribeirao Sao Pedro, Bacia do Rio da Prata 1;Bacia do Rio Sao Francisco;6;2;45013,3059;45013,306;547,4830933;804;5805,133997;7,220315917;0,017861385;0,128964845;7754,051142;1935,405478;2482,888571;Media;380669;25;98,513;380669;28,8681;0,715628;0,096512;0,731278;0,152719;0;1,14541;26,0265
25;6434;4;Bacia do Rio Maicuru;Rio Maicuru;Rio Caucu, Igarape Jangada, Lago Cajobim;Bacia do Igarape Jangada, Bacia do Lago Cajobim, Bacia do Rio Caucu;Bacia do Rio Amazonas;6;2;16362,8198;16362,82;481,5710507;576;2405,00898;4,175362812;0,035201757;0,146980105;6803,641873;573,0492477;1054,620298;Media;51195;4;5,616;51195;0,33434;0,0823277;0,0286884;0,000232277;0,00001899;0;0,174485;0,0485871
26;6894;4;Bacia do Rio Taquari;Rio Taquari;Rio Taquari, Vazante do Corixao, Rio Capivari, Rio Jauru;Bacia da Vazante do Corixao, Bacia do Rio Capivari, Bacia do Rio Jauru (MS), Bacia do Rio Taquari (MS/MT);Bacia do Rio da Prata;7;2;53491,0528;53491,053;742,5348817;762;5838,788736;7,662452409;0,014245373;0,109154493;9161,326984;2711,567103;3454,101985;Media;100456;16;18,482;100456;2,37759;0,197933;0,0190131;0,242471;0,000921909;0;1,71922;0,198035
27;6488;4;Bacia do Rio Uaupes;Rio Uaupes;Igarape Iauiari, Rio Papuri, Rio Tiquie;Bacia do Rio Papuri, Bacia do Igarape Iauiari, Bacia do Rio Tiquie;Bacia do Rio Amazonas e Bacia do Rio Negro;7;3;64091,26389;26577,246;1320,260074;701;4482,091044;6,39385313;0,010937528;0,069932948;14299,41143;2547,957458;3868,217532;Media;5918;2;1655,47;5918;0,00706432;0;0,00706182;0;0;0;2,79E-06;0
28;6614;4;Bacia do Rio Paracauti;Rio Paracauti;Nome nao identificado;Nome nao identificado;Bacia Tocantins-Araguaia;5;2;1335,717776;1238,496;108,4707149;29;151,4346566;5,22188471;0,021711173;0,113373243;8820,42332;26,39706614;134,8677811;Pequena;27352;3;4,24;27352;0,142461;0,0675081;0,00351015;0,0000474;0;0;0,0703233;0,00107195
29;6672;4;Bacia do Rio Pau-d'Arco;Rio Pau-d'Arco;Corrego Ribeirao Pau-d'Arquinho, Rio Salobro, Ribeirao Azulona, Rio Arraias do Araguaia;Bacia do Rio Salobro, Bacia do Ribeirao Azulona, Bacia do Rio Arraias do Araguaia, Bacia do Corrego Ribeirao Pau-d'Arquinho;Bacia Tocantins-Araguaia;7;2;13454,3048;13454,305;236,1136737;1067;3191,233947;2,990847186;0,079305473;0,237190549;4216,019579;1098,608578;1334,722252;Media;93759;8;15,135;93759;0,827755;0,161779;0,0234442;0,0267682;0,000454944;0;0,503456;0,111852
30;6676;4;Bacia do Rio Formoso;Rio Formoso;Rio Pium, Rio Duere, Rio Javaes, Rio Riozinho;Bacia do Rio Duere, Bacia do Rio Pium, Bacia do Rio Javaes, Bacia do Rio Riozinho (TO);Bacia Tocantins-Araguaia;7;2;54531,55795;54531,558;726,6770332;1254;7420,335913;5,917333264;0,022995859;0,136074159;7348,933874;1405,541885;2132,218918;Media;85963;25;7,031;85963;18,2601;0,14354;0,0287697;0,0133853;0,00336306;0;1,1794;16,8916
31;6456;4;Bacia do Rio Jatapu;Rio Jatapu;Rio Carara ou Cidade Velha, Rio Jatapuzinho, Rio Uatuma, Rio Aneba;Bacia do Rio Uatuma, Bacia do Rio Jatapuzinho, Bacia do Rio Aneba, Bacia do Rio Carara ou Cidade Velha;Bacia do Rio Amazonas;8;2;72523,7802;72519,694;938,5051757;6232;18879,28413;3,029410162;0,085930435;0,260318534;3841,447574;1082,22456;2020,729736;Media;67354;13;725,624;67354;0,339169;0,189693;0,0502286;0,0183499;0,0215623;0;0,0488506;0,010484
32;6744;4;Bacia do Rio Piaui;Rio Piaui;Rio Caninde, Rio Fidalgo, Riacho Fundo, Riacho Gameleira;Bacia do Rio Fidalgo, Bacia do Riacho Fundo, Bacia do Riacho Gameleira, Bacia do Rio Caninde;Bacia do Rio Parnaiba;7;2;74981,0807;74981,081;636,7385618;1201;7329,969284;6,103221718;0,016017374;0,097757584;10229,38539;585,5281903;1222,266752;Media;647649;113;3,274;647649;3,31386;0,770694;0,275414;0,0290658;0,00153122;0;0,47545;1,7617
33;6764;4;Bacia do Rio Corrente;Rio Corrente;Rio Formoso, Rio Arrojado, Rio Correntina, Rio do Meio;Bacia do Rio do Meio (BA), Bacia do Rio Correntina, Bacia do Rio Arrojado, Bacia do Rio Formoso;Bacia do Rio Sao Francisco;6;2;34532,61741;34532,617;388,6404606;480;2772,78519;5,776635812;0,013899902;0,080294672;12454,12646;1435,784912;1824,425373;Media;143780;21;82,353;143780;17,7699;0,20989;0,0919947;0,00355559;0,000567627;0;0,355027;17,1089
34;6426;4;Bacia Manissaua-Micu-Tartaruga;Rio Manissaua-Micu e Rio Tarta;Rio Pele, Rio Arraias, Rio Azul, Rio Itrio Barbosa;Bacia do Rio Itrio Barbosa, Bacia do Rio Azul, Bacia do Rio Arraias (MT), Bacia do Rio Pele;Bacia do Rio Amazonas e Bacia do Rio Xingu;6;3;27996,37686;27996,377;658,1064881;712;3462,470556;4,863020444;0,025431862;0,123675666;8085,664962;1953,711592;2611,81808;Media;42206;11;151,182;42206;0,96814;0,0975002;0,0173393;0,00733008;0,000025441;0;0,17357;0,672375
35;6796;4;Bacia do Rio Jacui;Rio Jacui;Rio Vacacai, Rio Cai, Rio Taquari e Rio Antas, Rio Pardo;Bacia Taquari-Antas, Bacia do Rio Pardo (RS), Bacia do Rio Cai, Bacia do Rio Vacacai;Nome nao identificado;7;1;82480,02193;82480,022;730,2459079;2561;12970,3699;5,064572394;0,031049943;0,157254685;6359,111001;0;730,2459079;Media;5790923;255;12,063;5790923;98,0799;14,1262;0,974405;6,65895;0,880306;3,67106;3,51717;68,2518
36;6732;4;Bacia do Rio Itapecuru;Rio Itapecuru;Rio Peritoro, Rio Balseiro, Rio Alpercatas, Rio Codozinho;Bacia do Rio Balseiro, Bacia do Rio Codozinho, Bacia do Rio Alpercatas, Bacia do Rio Peritoro (MA);Nome nao identificado;6;1;53095,22829;53095,228;965,285678;657;5085,483278;7,740461611;0,012373993;0,09578042;10440,54722;0;965,285678;Media;967762;63;43,905;967762;4,01134;2,08111;0,422436;0,214666;0,00924544;0,0862861;0,684705;0,512887
37;6674;4;Bacia do Rio Inaja;Rio Inaja;Ribeirao Periquito, Rio Inajazinho, Rio Preto;Bacia do Rio Inajazinho, Bacia do Ribeirao Periquito, Bacia do Rio Preto (PA) 2;Bacia Tocantins-Araguaia;6;2;8417,142014;8417,142;253,4734417;469;1696,399948;3,617057458;0,055719625;0,201541087;4961,767432;1289,053478;1542,526919;Pequena;13910;4;9,367;13910;0,359004;0,0172572;0,0116026;0,000225999;0,0000186;0;0,319794;0,0101057
38;6696;4;Bacia do Rio Caiapo;Rio Caiapo;Rio Bonito, Ribeirao Santo Antonio, Ribeirao Boa Vista, Rio Piranhas;Bacia do Ribeirao Santo Antonio, Bacia do Ribeirao Boa Vista, Bacia do Rio Piranhas (GO), Bacia do Rio Bonito;Bacia Tocantins-Araguaia;6;2;12073,05319;12073,053;331,9264496;385;1967,182964;5,109566139;0,031889199;0,162939973;6137,229437;2334,261939;2666,188388;Media;72433;15;32,005;72433;0,942124;0,124959;0,00911907;0,0146993;0,000331663;0;0,630735;0,162281
39;6688;4;Bacia do Rio Cumbuco;Rio Cumbuco;Corrego Corrente, Rio Suspiro, Corrego Fundo;Bacia do Corrego Fundo, Bacia do Corrego Corrente, Bacia do Rio Suspiro;Bacia Tocantins-Araguaia e Bacia do Rio das Mortes;4;3;3201,961242;3201,961;125,6368526;24;196,451611;8,185483791;0,007495406;0,061353526;16298,98185;2542,468336;2668,105189;Pequena;782;5;25,761;782;1,55402;0;0,00148791;0;0;0;0,0272293;1,5253
40;6478;4;Bacia do Rio Preto da Eva;Rio Preto da Eva;Igarape Tapaiuna, Igarape agua Branca, Lago Aruma, Igarape Sucuriju;Bacia do Igarape agua Branca, Bacia do Igarape Tapaiuna, Bacia do Lago Aruma, Bacia do Igarape Sucuriju;Bacia do Rio Amazonas;5;2;3261,897923;3261,898;168,2673534;252;760,9218867;3,019531296;0,077255636;0,233275812;4286,77106;1374,303465;1542,570818;Pequena;29311;3;26,215;29311;0,084156;0,0509167;0,0112386;0,00110719;9,85E-05;0;0,0107054;0,0100898
41;6388;4;Bacia do Rio Murure;Rio Murure;Nome nao identificado;Nome nao identificado;Bacia do Rio Araguari;5;2;2281,44364;2281,444;134,1250094;100;428,8734026;4,288734026;0,043831896;0,187983343;5319,620255;455,9593296;590,084339;Pequena;0;2;3,093;0;0,00051243;0;0,000512367;0;0;0;0;0
42;6726;4;Bacia do Rio das Flores;Rio das Flores;Brejo da Reparticao, Riacho Refrigerio, Rio Preguica;Bacia do Riacho Refrigerio, Bacia do Rio Preguica, Bacia do Brejo da Reparticao;Bacia do Rio Mearim;5;2;5957,239532;5957,24;190,8379228;48;559,0028381;11,64589246;0,008057423;0,093835884;10656,90391;503,3309926;694,1689154;Pequena;100103;14;0,987;100103;0,571954;0,249544;0,060865;0,0110284;0,0000534;0;0,161373;0,0890903
44;6512;4;Bacia de nome nao identificado;Nome nao identificado;Nome nao identificado;Nome nao identificado;Nome nao identificado;2;1;170,4480863;170,448;31,0069626;2;36,55731731;18,27865866;0,011733778;0,214477722;4662,488905;0;31,0069626;Pequena;238;1;;238;;;;;;;;
45;6668;4;Bacia do Rio Maranhao;Rio Maranhao;Rio Verde, Rio dos Patos, Rio Arraial Velho, Rio do Sal;Bacia do Rio Verde (GO), Bacia do Rio dos Patos (GO), Bacia do Rio Arraial Velho, Bacia do Rio do Sal;Bacia Tocantins-Araguaia e Bacia do Rio Tocantins;6;3;15545,78137;15545,781;435,4936982;265;2196,285899;8,287871318;0,017046425;0,141278579;7078,213894;2226,714586;2662,208284;Media;225909;14;156,991;225909;4,76183;0,459236;0,0511315;0,504898;0,0294854;0;0,423087;3,29399
46;6638;4;Bacia do Rio Atua;Rio Atua;Igarape Jacareguara, Rio Anabiju, Rio Parita, Rio Taua;Bacia do Rio Anabiju, Bacia do Rio Parita, Bacia do Rio Taua, Bacia do Igarape Jacareguara;Bacia Tocantins-Araguaia;4;2;2129,057637;2129,058;108,1256251;50;262,2444944;5,244889888;0,023484569;0,123173976;8118,598034;146,3197805;254,4454056;Pequena;2364;3;6,745;2364;0,0253021;0;0,0118452;0;0;0;0,0119525;0,00150422
47;6394;4;Bacia do Igarape Grande;Igarape Grande;Nome nao identificado;Nome nao identificado;Nome nao identificado;4;1;387,4091891;387,409;50,67902539;20;60,7550143;3,037750715;0,051625002;0,156823885;6376,579671;0;50,67902539;Pequena;44;2;2,459;44;0,0111081;0,00731256;0,00344998;0,0000168;0;0;0,00032883;0
48;6654;4;Bacia do Rio Cajazeiras;Rio Cajazeiras;Igarape Palmeira, Rio do Meio, Rio da Direita, Igarape do Ricardo;Bacia do Rio da Direita, Bacia do Igarape do Ricardo, Bacia do Rio do Meio (PA), Bacia do Igarape Palmeira;Bacia Tocantins-Araguaia;6;2;5849,144938;5849,145;189,5245808;383;1336,197073;3,488765204;0,065479656;0,228443146;4377,456781;567,3050649;756,8296457;Pequena;24169;3;28,009;24169;0,278205;0,0190346;0,0204869;0,000387564;0;0;0,237168;0,00112812
49;6742;4;Bacia do Rio Poti;Rio Poti;Rio do Cais, Rio Macambira e Rio Inhucu, Rio Berlengas, Rio Sambito;Bacia do Rio do Cais, Bacia Macambira-Inhucu, Bacia do Rio Berlengas, Bacia do Rio Sambito;Bacia do Rio Parnaiba;7;2;52275,81555;52275,816;514,787994;953;6059,620213;6,35846822;0,018230227;0,115916321;8626,912861;404,4119351;919,199929;Media;1056940;84;1,044;1056940;5,57696;2,0588;0,263073;0,158201;0,00616657;0;0,486489;2,60423
50;6864;4;Bacia do Rio Paranapanema;Rio Paranapanema;Rio Pardo, Rio Tibaji, Rio Itarare, Rio das Cinzas;Bacia do Rio Tibaji, Bacia do Rio das Cinzas, Bacia do Rio Itarare, Bacia do Rio Pardo (SP);Bacia do Rio da Prata e Bacia do Rio Parana;7;3;102161,1064;102161,106;912,0591771;2862;16961,52342;5,926458218;0,028014575;0,16602721;6023,10912;2357,305048;3269,364226;Media;4395107;260;350,203;4395107;39,076;10,0748;0,65508;10,3207;0,184932;0,346368;3,77841;13,7157
51;6522;4;Bacia do Rio Charapucu;Rio Charapucu;Rio Cajari;Bacia do Rio Cajari (PA);Bacia do Rio Jacare Grande;5;2;1710,555127;1710,555;119,0120344;89;225,9230228;2,53846093;0,052029893;0,13207585;7571,406869;63,26638945;182,2784239;Pequena;4216;3;0,322;4216;0,00933297;0;0,00633888;0;0;0;0,00259787;0,000396306
52;6648;4;Bacia Aratau-Pacajazinho;Rio Aratau e Rio Pacajazinho;Rio Jacare, Rio Quilometro Duzentos e Quinze, Igarape Doze, Rio Capivara;Bacia do Rio Jacare (PA), Bacia do Rio Quilometro Duzentos e Quinze, Bacia do Igarape Doze, Bacia do Rio Capivara;Bacia Tocantins-Araguaia e Bacia do Rio Pacaja;5;3;4635,102033;4635,102;233,4264524;174;746,0554484;4,287674991;0,037539627;0,160957719;6212,81172;692,6456599;926,0721123;Pequena;18387;4;13,568;18387;0,254118;0,0231508;0,0126769;0,00025895;0;0;0,209694;0,00833788
53;6738;4;Bacia do Rio Preguicas;Rio Preguicas;Rio Guaribas, Rio Cocal, Rio Grande, Rio Jucaral;Bacia do Rio Grande (MA), Bacia do Rio Cocal, Bacia do Rio Jucaral, Bacia do Rio Guaribas;Nome nao identificado;4;1;4027,452107;4027,452;193,7832453;65;477,4535267;7,345438872;0,016139236;0,118549771;8435,275649;0;193,7832453;Pequena;58707;9;0,163;58707;0,198873;0,129743;0,0461968;5,15E-05;0;0;0,0210658;0,00181644
54;6462;4;Bacia do Rio Aripuana;Rio Aripuana;Rio Roosevelt, Rio Guariba, Rio Branco, Rio Juma;Bacia do Rio Branco (MT), Bacia do Rio Guariba, Bacia do Rio Roosevelt, Bacia do Rio Juma;Bacia do Rio Amazonas e Bacia do Rio Madeira;8;3;146802,7559;146802,756;1207,83671;7417;29965,60865;4,040125206;0,050523575;0,204121568;4899,04135;1653,493196;2861,329906;Media;112851;19;384,14;112851;2,25815;0,207879;0,0699862;0,00902362;0,00314395;0;1,5131;0,455025
55;6776;4;Bacia do Rio de Contas;Rio de Contas;Rio Conguji, Rio do Antonio, Rio Gaviao;Bacia do Rio Gaviao, Bacia do Rio do Antonio, Bacia do Rio Conguji;Nome nao identificado;7;1;54805,17797;54805,178;621,1553353;1589;8345,57849;5,252094707;0,028993611;0,15227719;6566,971725;0;621,1553353;Media;1109283;97;82,588;1109283;17,983;1,01223;0,496975;0,17077;0,0800692;0;1,03834;15,1846
57;6682;4;Bacia do Rio Sao Joao Grande;Rio Sao Joao Grande;Rio Murure, Ribeirao dos Patos, Ribeirao Sao Joaozinho, Ribeirao Piabanha Grande ou Claro;Bacia do Ribeirao Sao Joaozinho, Bacia do Ribeirao Piabanha Grande ou Claro, Bacia do Ribeirao dos Patos 1, Bacia do Rio Murure;Bacia Tocantins-Araguaia e Bacia do Rio das Mortes;7;3;8105,416208;8105,416;246,4126957;703;1559,051933;2,217712565;0,086732128;0,192346931;5198,939199;1790,216851;2036,629547;Pequena;7581;5;18,039;7581;0,226569;0,00744388;0,00361064;0,00006368;0,0000265;0;0,213475;0,00194917
58;6396;4;Bacia do Rio Gurijuba;Rio Gurijuba;Rio Piririm, Rio Pacui;Bacia do Rio Pacui, Bacia do Rio Piririm;Nome nao identificado;5;1;1255,980669;1255,981;114,8956272;33;134,715262;4,082280665;0,02627429;0,107259025;9323,224782;0;114,8956272;Pequena;3698;2;13,364;3698;0,0769375;0,0361374;0,00338137;0,0000712;0;0;0,0373476;0
59;6788;4;Bacia do Rio Piracicaba;Rio Piracicaba;Rio da Prata, Corrego Carvalhada, Ribeirao Sao Jose;Bacia do Corrego Carvalhada, Bacia do Rio da Prata 2, Bacia do Ribeirao Sao Jose;Bacia do Rio Doce;6;2;5453,834037;5453,834;256,4661386;190;928,4778924;4,88672575;0,034837877;0,170243151;5873,951423;425,2138094;681,6799481;Pequena;516195;31;30,594;516195;7,11984;1,49461;0,0517557;0,687433;4,13425;0;0,118491;0,633298
60;6756;4;Bacia Piranhas-Pianco;Rio Pianco e Rio Piranhas;Rio Espinhares, Rio Serido, Rio do Peixe, Riacho do Catole;Bacia do Rio do Peixe (PB), Bacia do Riacho do Catole, Bacia do Rio Serido, Bacia do Rio Espinhares;Nome nao identificado;7;1;39890,63306;39890,633;515,7090823;2314;8569,114376;3,703160923;0,058008606;0,214815201;4655,164036;0;515,7090823;Media;1271951;172;11,85;1271951;13,0041;1,88874;0,435938;0,146822;0,0134806;0;0,836046;9,68309
61;6622;4;Bacia do Rio Moju;Rio Moju;Rio Uba, Rio Acara, Rio Cairari, Igarape Mamorana Grande;Bacia do Rio Uba 1, Bacia do Rio Acara, Bacia do Rio Cairari, Bacia do Igarape Mamorana Grande;Bacia Tocantins-Araguaia e Bacia Capim-Ararandeua;7;3;29936,98154;29936,982;632,4343057;800;3969,381097;4,961726372;0,026722801;0,132591226;7541,97715;113,1326199;745,5669257;Media;334779;19;169,645;334779;1,5719;0,483486;0,22254;0,11339;0,000307443;0;0,350355;0,401825
62;6828;4;Bacia do Rio Pelotas;Rio Pelotas;Rio Bernardo Jose, Rio Lava-Tudo, Rio Santana, Rio Pelotinhas;Bacia do Rio Lava-Tudo, Bacia do Rio Santana (RS), Bacia do Rio Pelotinhas, Bacia do Rio Bernardo Jose;Bacia do Rio da Prata e Bacia do Rio Uruguai;6;3;13439,31634;13439,316;445,4546079;573;3004,034987;5,242643957;0,042636097;0,223525878;4473,754932;2011,207843;2456,662451;Media;101111;31;47,396;101111;0,698784;0,157136;0,0358274;0,0186279;0,00147336;0;0,397385;0,0883343
63;6416;4;Bacia do Rio Jari;Rio Jari;Rio Ipitinga, Rio Iratapuru, Rio Mapari, Rio Cuc;Bacia do Rio Cuc, Bacia do Rio Mapari (AP), Bacia do Rio Iratapuru, Bacia do Rio Ipitinga;Bacia do Rio Amazonas;7;2;58133,23118;57524,229;901,6854591;2979;11703,32042;3,928607057;0,051244356;0,201318939;4967,242549;301,0601546;1202,745614;Media;59428;6;146,635;59428;0,946222;0,205878;0,0116619;0,703683;0,00637613;0;0,0165341;0,00208911
1;6386;4;Bacia do Rio Tajaui;Rio Tajaui;Nome nao identificado;;Bacia do Rio Araguari;5;2;2321,898668;2321,899;156,1431753;83;380,6294303;4,58589675;0,035746607;0,16393025;6100,155384;452,2138842;608,3570595;Pequena;125;3;3,103;125;0,000954041;0;3,62E-05;0;0,000467429;0;0,000409218;4,12E-05
2;6766;4;Bacia do Rio Verde Grande;Rio Verde Grande;Rio Verde Pequeno, Ribeirao do Ouro e Rio Sucuapara, Rio Quem-Quem, Rio Gorutuba;Bacia Ouro-Sucuapara, Bacia do Rio Gorutuba, Bacia do Rio Quem-Quem, Bacia do Rio Verde Pequeno;Bacia do Rio Sao Francisco;7;2;31336,95082;31336,951;568,0432158;575;4274,942687;7,434682933;0,018348945;0,136418591;7330,37917;1625,606323;2193,649539;Media;739229;45;3,587;739229;13,7316;1,21569;0,235934;0,251048;0,0159567;0;0,689011;11,324
3;6774;4;Bacia do Rio Paraguacu;Rio Paraguacu;Rio Capivari, Rio do Peixe, Rio Utinga, Rio Jacuipe;Bacia do Rio Jacuipe 1, Bacia do Rio Utinga, Bacia do Rio do Peixe (BA), Bacia do Rio Capivari;Nome nao identificado;7;1;54957,37684;54957,377;679,8275777;1113;6747,601483;6,062535025;0,020252058;0,122778813;8144,727721;0;679,8275777;Media;1385015;93;13,331;1385015;22,0317;1,43418;0,608698;0,453447;0,00706576;0;0,933948;18,5943
4;6564;4;Bacia do Rio Cajueiro;Rio Cajueiro;Nome nao identificado;Nome nao identificado;Nome nao identificado;3;2;107,255446;107,255;28,59520698;3;28,73927623;9,579758745;0,027970608;0,267951673;3732,016254;3,892602269;32,48780925;Pequena;113;1;;113;0,00411508;0;0,000597417;0;0;0;0,00351763;0
64;6444;4;Bacia do Rio Teles Pires;Rio Teles Pires;Rio dos Apiacas, Rio Peixoto de Azevedo, Rio Sao Benedito, Rio Verde;Bacia do Rio Verde (MT), Bacia do Rio Sao Benedito, Bacia do Rio Peixoto de Azevedo, Bacia do Rio dos Apiacas;Bacia do Rio Amazonas e Bacia do Rio Tapajos;8;3;141913,5442;141913,544;1643,599076;6508;25693,45729;3,94798053;0,045858907;0,181050071;5523,333921;1507,480929;3151,080005;Media;482826;40;865,682;482826;9,89475;1,13886;0,119952;0,473702;0,0143736;0;3,3183;4,82956
65;6432;4;Bacia do Rio Jauaru;Rio Jauaru;Igarape do Limao, Rio Parauaquara;Bacia do Rio Parauaquara, Bacia do Igarape do Limao;Bacia do Rio Amazonas;6;2;6190,707758;6190,708;228,2958665;410;1310,385389;3,196061925;0,066228292;0,211669722;4724,341258;491,7680566;720,0639231;Pequena;6540;3;2,124;6540;0,150057;0,00528208;0,00870119;0,000014795;0;0;0,132928;0,00313077
66;6822;4;Bacia do Rio Negro;Rio Negro;Nome nao identificado;Nome nao identificado;Bacia do Rio da Prata e Bacia do Rio Uruguai;5;3;71448,99107;2999,912;718,0816955;120;1211,722429;10,09768691;0,00167952;0,016959266;58964,81683;360,5901227;1078,671818;Media;118729;6;275,3;118729;6,28061;0,211969;0,0174042;0,0304695;0,000002876;0;0,14662;5,87414
67;6646;4;Bacia do Rio Anapu;Rio Anapu;Rio Pracupi, Rio Caxiuana, Rio Tuere, Rio Pracui;Bacia do Rio Pracui, Bacia do Rio Tuere, Bacia do Rio Caxiuana, Bacia do Rio Pracupi;Bacia Tocantins-Araguaia e Bacia do Rio Pacaja;7;3;21955,53454;21955,535;517,8426904;1079;3906,85628;3,620812122;0,049144784;0,177944029;5619,744616;370,1653596;888,0080499;Media;31884;7;63,504;31884;0,279838;0,0489594;0,0408946;0,000726189;0;0;0,185163;0,00409471
69;6428;4;Bacia do Rio Von Den Steinen;Rio Von Den Steinen;Rio Tamitatoala ou Batovi, Rio Santo Cristo, Rio Ronuro, Rio Ferro;Bacia do Rio Ferro, Bacia do Rio Santo Cristo, Bacia do Rio Ronuro, Bacia do Rio Tamitatoala ou Batovi;Bacia do Rio Amazonas e Bacia do Rio Xingu;7;3;30351,51902;30351,519;476,7308464;842;3734,895501;4,435742875;0,02774161;0,123054648;8126,470743;2098,004189;2574,735036;Media;10543;5;204,254;10543;0,764646;0,0184708;0,00808817;0,00528744;0,0000637;0;0,185086;0,547651
112;6576;4;Bacia do Rio Ganhoao;Rio Ganhoao;Nome nao identificado;Nome nao identificado;Nome nao identificado;4;1;138,0063385;130,106;21,04363185;6;30,89281655;5,148802759;0,043476264;0,223850708;4467,26307;0;21,04363185;Pequena;1356;1;0,614;1356;0,000364583;0;0,00036462;0;0;0;0;0
70;6728;4;Bacia do Rio Corda ou Capim;Rio Corda ou Capim;Baixao do Sabonete, Rio Ourives, Rio Pau Grosso, Riacho Fundo;Bacia do Rio Pau Grosso, Bacia do Riacho Fundo (MA), Bacia do Rio Ourives, Bacia do Baixao do Sabonete;Bacia do Rio Mearim;5;2;4642,469306;4642,469;157,3864082;32;373,5715228;11,67411009;0,006892883;0,080468281;12427,25696;672,018735;829,4051431;Pequena;18121;4;1,254;18121;0,0725079;0,0491148;0,0095057;0,00204863;0;0;0,0114819;0,000356878
71;6384;4;Bacia do Rio Falsino;Rio Falsino;Igarape do Braco;Bacia do Igarape do Braco;Bacia do Rio Araguari;5;2;4080,920064;4080,92;197,5564919;153;669,5029381;4,375836197;0,037491545;0,164056862;6095,44758;319,7969122;517,3534041;Pequena;0;5;6,165;0;0,00397826;0;0,00301694;0;0;0;0,00096166;0
72;6422;4;Bacia do Rio Iriri;Rio Iriri;Riozinho do Anfrisio, Rio Curua, Rio Novo;Bacia do Rio Curua 2, Bacia do Riozinho do Anfrisio, Bacia do Rio Novo (PA) 1;Bacia do Rio Amazonas e Bacia do Rio Xingu;7;3;141634,4242;141634,424;1272,722677;8637;29572,86482;3,42397416;0,060980938;0,208797155;4789,337286;818,289494;2091,012171;Media;17229;13;130,911;17229;0,568125;0,065941;0,0208486;0,00105828;0,000384274;0;0,470882;0,00901039
73;6458;4;Bacia do Rio Urubu;Rio Urubu;Igarape Preto, Igarape Jatuarana, Igarape Urubui;Bacia do Igarape Urubui, Bacia do Igarape Jatuarana, Bacia do Igarape Preto;Bacia do Rio Amazonas;5;2;8283,333274;8283,333;341,0822321;601;1836,815072;3,056264679;0,072555333;0,2217483;4509,617435;1275,764826;1616,847058;Pequena;23124;6;73,01;23124;0,12543;0,0384564;0,029073;0,022843;2,77E-06;0;0,0119894;0,0230662
74;6714;4;Bacia do Rio Gurupi;Rio Gurupi;Rio Uraim, Rio Itinga, Rio Croanta, Igarape Gurupi-Mirim;Bacia do Rio Croanta, Bacia do Rio Itinga, Bacia do Igarape Gurupi-Mirim, Bacia do Rio Uraim;Nome nao identificado;7;1;34928,89385;34928,894;878,736908;427;3473,855434;8,135492819;0,012224836;0,099455066;10054,79201;0;878,736908;Media;371253;27;109,179;371253;2,66915;1,08312;0,122201;0,265991;0,109129;0;0,569636;0,519071
75;6664;4;Bacia do Rio do Sono;Rio do Sono;Rio Perdida, Rio das Balsas, Rio Novo, Rio Soninho;Bacia do Rio Perdida, Bacia do Rio Novo (TO), Bacia do Rio Soninho 2, Bacia do Rio das Balsas;Bacia Tocantins-Araguaia e Bacia do Rio Tocantins;7;3;45476,12061;45476,121;465,1958971;1324;5513,481169;4,164260702;0,029114181;0,121239039;8248,168301;1355,226422;1820,422319;Media;51342;28;283,329;51342;1,04894;0,107596;0,0269352;0,062424;0,000304313;0;0,258501;0,59318
76;6798;4;Bacia do Canal de Sao Goncalo;Canal de Sao Goncalo;Arroio Sao Miguel, Rio Piratini, Rio ou Arroio Jaguarao;Bacia do Rio ou Arroio Jaguarao, Bacia do Arroio Sao Miguel, Bacia do Rio Piratini 2;Nome nao identificado;6;1;58390,71071;26037,611;498,6377361;371;3581,290155;9,653073193;0,00635375;0,061333217;16304,37864;0;498,6377361;Media;507861;20;81,702;507861;58,6208;1,18198;0,0894983;0,204022;0,445144;0,14312;0,770109;55,787
77;6494;4;Bacia do Rio Japura;Rio Japura;Rio Apaporis, Rio PuruE;Bacia do Rio PuruE, Bacia do Rio Apaporis;Bacia do Rio Amazonas;7;2;270492,3149;59367,281;2176,074269;2873;13923,95498;4,846486243;0,010621374;0,051476342;19426,39971;2270,316102;4446,390371;Grande;22869;9;5726,17;22869;0,0483473;0,0397894;0,0071474;0;0,000003761;0;0,00135269;5,38E-05
78;6658;4;Bacia do Rio Jacunda;Rio Jacunda;Igarape TrEs Barras, Igarape Maguari, Rio Jacundazinho, Corrego Grotao;Bacia do Igarape Maguari, Bacia do Igarape TrEs Barras, Bacia do Rio Jacundazinho, Bacia do Corrego Grotao;Bacia Tocantins-Araguaia;5;2;1772,67708;1772,677;101,1705564;41;202,5646884;4,940602156;0,02312886;0,114270496;8751,165338;669,4601761;770,6307325;Pequena;3504;5;8,363;3504;0,105685;0,00475629;0,00564803;0,0000328;0;0;0,095089;0,0001593
80;6794;4;Bacia do Rio Ribeira;Rio Ribeira;Rio Jacupiranga, Rio Pardo e Rio Capivari, Rio Juquia;Bacia Pardo-Capivari, Bacia do Rio Juquia, Bacia do Rio Jacupiranga;Nome nao identificado;6;1;24452,82655;24452,73;578,108509;665;4682,828088;7,04184675;0,02719522;0,191504572;5221,80744;0;578,108509;Media;432459;59;166,203;432459;3,00825;0,783544;0,253006;0,101874;0,226908;0,154556;0,298306;1,19006
81;6438;4;Bacia do Rio Cuminapanema;Rio Cuminapanema;Rio Curua, Rio Mamia, Igarape do Inferno;Bacia do Rio Mamia, Bacia do Rio Curua 1, Bacia do Igarape do Inferno;Bacia do Rio Amazonas;7;2;28737,56248;28737,562;538,4976106;1117;4336,584183;3,882349313;0,038868989;0,150902993;6626,773807;676,1666557;1214,664266;Media;64758;6;3,811;64758;0,253989;0,076115;0,0473317;0,00067102;0,000003894;0;0,124316;0,0055502
82;6582;4;Bacia de nome nao identificado;Nome nao identificado;Nome nao identificado;Nome nao identificado;Bacia do Canal das Tartarugas;4;2;327,781778;327,782;66,87597651;10;23,11728252;2,311728252;0,030508102;0,070526442;14179,07912;17,58735946;84,46333596;Pequena;0;3;1,34;0;0,000656506;0;0,000656486;0;0;0;0;0
83;6716;4;Bacia do Rio Maracacume;Rio Maracacume;Rio Coqueiro, Rio Pacoral, Rio Urubiquara, Rio Macaxeira;Bacia do Rio Urubiquara, Bacia do Rio Macaxeira, Bacia do Rio Pacoral, Bacia do Rio Coqueiro;Nome nao identificado;4;1;6378,821177;6365,136;241,4906662;100;661,0468615;6,610468615;0,015676878;0,103631509;9649,574861;0;241,4906662;Pequena;92474;15;5,002;92474;0,350643;0,201585;0,0394399;0,000210035;2,59E-06;0;0,100436;0,00897069
84;6398;4;Bacia de nome nao identificado;Nome nao identificado;Nome nao identificado;Nome nao identificado;Nome nao identificado;3;1;222,3388345;222,339;19,20941091;6;17,61352514;2,935587524;0,026985839;0,079219292;12623,18773;0;19,20941091;Pequena;13;1;;13;0,00199541;0;0,00145975;0;0;0;0,000535668;0
85;6712;4;Bacia do Rio Piria;Rio Piria;Rio Peritoro;Bacia do Rio Peritoro (PA);Nome nao identificado;5;1;5488,357736;5488,269;284,7187143;96;569,3715208;5,930953342;0,017491571;0,103741693;9639,326056;0;284,7187143;Pequena;44807;7;32,169;44807;0,208333;0,0696113;0,0477211;0,000058441;0,00128045;0;0,0802909;0,00937118
86;6446;4;Bacia do Rio Arinos;Rio Arinos;Rio Sao Venceslau ou Arthur ou Tapaiuna, Rio dos Peixes, Rio Claro, Rio Alegre e Rio Parecis;Bacia do Rio dos Peixes, Bacia do Rio Claro (MT), Bacia Parecis-Alegre, Bacia do Rio Sao Venceslau ou Arthur ou Tapaiuna;Bacia do Rio Amazonas e Bacia do Rio Tapajos;6;3;59072,41671;59072,417;898,2151257;1635;7425,47038;4,541572098;0,027677893;0,125701144;7955,377058;1956,810917;2855,026043;Media;116106;20;490,268;116106;3,90583;0,274706;0,0369889;0,160275;0,000348293;0;1,17832;2,25519
87;6634;4;Bacia do Rio Marajo-Acu;Rio Marajo-Acu;Rio Fortaleza e Igarape dos Marcos, Rio Quia-Parana;Bacia Fortaleza-Marcos, Bacia do Rio Quia-Parana;Bacia Tocantins-Araguaia;5;2;1057,037841;1057,038;74,6036297;44;163,2024036;3,709145537;0,041625757;0,15439599;6476,852163;96,51288005;171,1165097;Pequena;20096;3;8,973;20096;0,134277;0,0272939;0,0065637;0;0;0;0,0549982;0,0454216
88;6866;4;Bacia do Rio TietE;Rio TietE;Rio Jacare-Guacu, Ribeirao dos Porcos, Rio Piracicaba, Rio Sorocaba;Bacia do Rio Sorocaba, Bacia do Rio Piracicaba, Bacia do Ribeirao dos Porcos, Bacia do Rio Jacare-Guacu;Bacia do Rio da Prata e Bacia do Rio Parana;7;3;71983,37558;71983,376;1067,7723;2061;11291,64215;5,478720111;0,028631611;0,156864582;6374,925332;2663,822415;3731,594716;Media;28435208;293;1833,64;28435208;151,281;96,0764;0,915591;29,7175;0,273381;1,63839;2,42237;20,2374
89;6624;4;Bacia do Rio Guama;Rio Guama;Igarape Jipuuba, Rio Sujo, Rio Irituia, Igarape Jacamim;Bacia do Rio Irituia, Bacia do Igarape Jacamim, Bacia do Rio Sujo, Bacia do Igarape Jipuuba;Bacia Tocantins-Araguaia e Bacia Capim-Ararandeua;6;3;8813,750062;8813,75;355,3364143;224;1043,546923;4,658691618;0,025414835;0,118399877;8445,954726;224,1477583;579,4841726;Pequena;207253;16;49,313;207253;0,82302;0,358077;0,124136;0,0114826;0,00111406;0;0,221755;0,106454
90;6632;4;Bacia do Rio Arari;Rio Arari;Igarape Santo Antonio, Lago Arari, Rio Anajas-Mirim;Bacia do Lago Arari, Bacia do Rio Anajas-Mirim, Bacia do Igarape Santo Antonio;Bacia Tocantins-Araguaia;4;2;3167,37239;3167,372;168,328244;72;330,3579595;4,588304993;0,022731776;0,104300322;9587,698129;82,43148263;250,7597266;Pequena;19957;7;8,973;19957;0,109428;0,040918;0,0163987;0,000459405;0;0;0,0402357;0,0114159
91;6492;4;Bacia do Rio Purus;Rio Purus;Rio Acre, Rio Tapaua, Rio Ituxi, Rio Iaco;Bacia do Rio Acre, Bacia do Rio Tapaua, Bacia do Rio Iaco, Bacia do Rio Ituxi;Bacia do Rio Amazonas;8;2;377340,004;353060,735;3432,899433;8667;51901,05849;5,98835335;0,022968675;0,137544543;7270,37203;1687,155251;5120,054684;Grande;599580;31;2283,73;599580;4,38092;2,06424;0,199807;0,104554;0,00252562;0;1,83107;0,178725
92;6698;4;Bacia do Rio das Garcas;Rio das Garcas;Rio Bandeira, Rio das Garcas, Rio Barreiro, Rio Batovi;Bacia do Rio Barreiro, Bacia do Rio das Garcas, Bacia do Rio Batovi, Bacia do Rio Bandeira;Bacia Tocantins-Araguaia;6;2;13480,66603;13480,666;417,8855862;404;2136,737729;5,288954774;0,029968846;0,158503869;6308,994244;2383,85768;2801,743266;Media;60323;10;53,518;60323;0,650244;0,118025;0,0066735;0,0337743;0,000564719;0;0,270225;0,220983
93;6678;4;Bacia do Rio Tapirape;Rio Tapirape;Corrego Tucunare, Rio Xavantinho, Ribeirao Ipuca Grande, Rio Xavantinho;Bacia do Rio Xavantinho 2, Bacia do Rio Xavantinho 1, Bacia do Ribeirao Ipuca Grande, Bacia do Corrego Tucunare;Bacia Tocantins-Araguaia;7;2;21368,96912;21368,969;324,6448232;749;3115,958379;4,160158049;0,035050825;0,145816972;6857,912245;1529,239485;1853,884308;Media;42682;10;24,329;42682;0,650238;0,0645896;0,0179143;0,0236056;0,000355602;0;0,403043;0,14073
94;6896;4;Bacia do Rio Cuiaba;Rio Cuiaba;Rio Piquiri e Rio Itiquira, Rio Sao Lourenco, Rio Cuiaba-Mirim;Bacia Piquiri-Itiquira, Bacia do Rio Cuiaba-Mirim, Bacia do Rio Sao Lourenco;Bacia do Rio da Prata;7;2;106680,1526;106680,153;1027,091161;1471;12653,62265;8,602054827;0,013788882;0,118612716;8430,799273;3017,991549;4045,08271;Media;1235555;35;418,654;1235555;11,8127;5,56338;0,106819;0,934838;0,0560412;0,0273358;3,01272;2,11158
95;6528;4;Bacia do Rio Mapua;Rio Mapua;Igarape Chiqueiro, Igarape Mocambo, Braco do Jacare ou Braco Esquerdo do Mapua;Bacia do Braco do Jacare ou Braco Esquerdo do Mapua, Bacia do Igarape Mocambo, Bacia do Igarape Chiqueiro;Bacia do Rio Jacare Grande;4;2;2096,752134;2096,752;120,513701;24;124,5454995;5,189395811;0,011446274;0,059399248;16835,23004;166,0655746;286,5792756;Pequena;2637;4;6,603;2637;0,0140226;0;0,013583;0;0;0;0,00000762;0,000431917
96;6862;4;Bacia do Rio Iguacu;Rio Iguacu;Rio Jordao, Rio Timbo, Rio Chopim;Bacia do Rio Timbo, Bacia do Rio Chopim, Bacia do Rio Jordao;Bacia do Rio da Prata e Bacia do Rio Parana;7;3;67398,00126;65630,936;1155,674428;2302;13897,67067;6,037215755;0,034155316;0,206203009;4849,589753;1956,454206;3112,128634;Media;4728893;160;252,377;4728893;18,873;10,9336;0,711527;3,25939;0,0350687;0,757362;2,72244;0,453619
97;6792;4;Bacia do Rio Paraiba do Sul;Rio Paraiba do Sul;Rio Muriae, Rio Pomba, Rio Grande, Rio Paraibuna;Bacia do Rio Grande (RJ), Bacia do Rio Paraibuna, Bacia do Rio Pomba, Bacia do Rio Muriae;Nome nao identificado;7;1;55945,69539;55945,695;1139,195145;2168;12877,41583;5,939767451;0,038751864;0,230177063;4344,481542;0;1139,195145;Media;5705047;219;305,488;5705047;34,6962;15,9493;0,718687;5,95457;0,101145;1,16328;2,78661;8,02257
98;6652;4;Bacia do Rio Pucurui;Rio Pucurui;Rio Andorinha, Rio Repartimento;Bacia do Rio Repartimento, Bacia do Rio Andorinha;Bacia Tocantins-Araguaia;5;2;3198,409107;3198,409;134,3076587;116;539,5918377;4,651653773;0,036268031;0,168706322;5927,460135;474,7748635;609,0825222;Pequena;26377;2;2279,91;26377;0,140063;0,0336673;0,00605603;0,000511733;0,000007397;0;0,095711;0,00410938
99;6868;4;Bacia do Rio Grande (MG/SP);Rio Grande;Rio Sapucai, Rio Sapucai, Rio Turvo, Rio Pardo e Rio Mogi-Guacu;Bacia do Rio Sapucai (MG/SP) 2, Bacia do Rio Turvo, Bacia Pardo-Mogi-Guacu, Bacia do Rio Sapucai (MG/SP) 1;Bacia do Rio da Prata e Bacia do Rio Parana;8;3;143197,9382;143197,938;1343,280651;4427;26182,55007;5,914287343;0,03091525;0,182841669;5469,21281;2757,561056;4100,841707;Media;8400407;436;1373,14;8400407;98,9028;23,9774;1,15818;23,0686;0,193411;5,01121;6,09017;39,4038
101;6692;4;Bacia do Rio Cristalino;Rio Cristalino;Corixo da Forquilha, Corixao do Meio, Ribeirao das Piabas, Ribeirao agua Preta;Bacia do Corixao do Meio, Bacia do Ribeirao das Piabas, Bacia do Corixo da Forquilha, Bacia do Ribeirao agua Preta;Bacia Tocantins-Araguaia;4;2;11636,47142;11636,471;458,2474612;34;594,0269445;17,47138072;0,002921848;0,051048718;19589,13064;1803,418011;2261,665472;Media;721;4;8,277;721;0,174265;0;0,00154892;0;0,00470599;0;0,167124;0,000886358
102;6454;4;Bacia Uraria-Canuma;Parana Uraria e Rio Canuma;Rio Abacaxis, Rio Acari, Rio Maues-Acu, Rio Mamuru;Bacia do Rio Mamuru, Bacia do Rio Maues-Acu, Bacia do Rio Acari (AM), Bacia do Rio Abacaxis;Bacia do Rio Amazonas;8;2;133578,6263;133578,626;1364,232086;11798;35070,3803;2,972569952;0,088322513;0,262544849;3808,873047;963,0218974;2327,253983;Media;206193;15;467,454;206193;0,801142;0,439064;0,1616;0,00299598;0,000267089;0;0,16751;0,0297057
103;6596;4;Bacia do Rio Araraquara;Rio Araraquara;Nome nao identificado;Nome nao identificado;Nome nao identificado;3;1;444,7910855;444,445;69,78050575;6;68,90301096;11,48383516;0,013489479;0,154910953;6455,321462;0;69,78050575;Pequena;186;1;0,45;186;0,000371833;0;0,000296764;0;0;0;0;0,000075019
104;6684;4;Bacia Pindaiba-Corrente;Rio Pindaiba e Rio Corrente;Corrego Campeira, Corrego Grande, Ribeirao Zacarias, Rio Pindaiba;Bacia do Ribeirao Zacarias, Bacia do Corrego Grande, Bacia do Rio Pindaiba, Bacia do Corrego Campeira;Bacia Tocantins-Araguaia e Bacia do Rio das Mortes;6;3;10074,41831;10074,418;272,1197953;160;917,4975852;5,734359907;0,01588181;0,091072016;10980,32133;2126,976395;2399,09619;Media;3189;4;22,758;3189;0,996157;0;0,00601494;0;0,000029955;0;0,371628;0,618484
105;6482;4;Bacia do Rio Jauaperi;Rio Jauaperi;Igarape do Jaburu, Rio Branquinho, Rio Alalau, Rio Macucuau;Bacia do Rio Branquinho, Bacia do Igarape do Jaburu, Bacia do Rio Alalau, Bacia do Rio Macucuau;Bacia do Rio Amazonas e Bacia do Rio Negro;7;3;38654,24963;38654,25;649,0550377;2790;9545,205924;3,421220761;0,072178351;0,246938073;4049,598294;1743,59155;2392,646588;Media;19303;8;43,463;19303;0,226741;0,0477448;0,0241155;0,0293918;0,041033;0;0,0799593;0,00449654
106;6656;4;Bacia do Rio Itacaiunas;Rio Itacaiunas;Rio Sororo, Rio Vermelho, Rio Catete, Rio Paraupebas;Bacia do Rio Vermelho (PA), Bacia do Rio Catete, Bacia do Rio Paraupebas, Bacia do Rio Sororo;Bacia Tocantins-Araguaia;7;2;41317,89065;41317,891;532,7328546;2663;8944,860417;3,358941201;0,064451499;0,216488796;4619,17668;630,2082466;1162,941101;Media;387822;18;53,881;387822;12,3103;1,40789;0,139472;0,12264;8,32381;0,202222;2,03194;0,0822901
107;6562;4;Bacia do Rio Arapixi;Rio Arapixi;Nome nao identificado;Nome nao identificado;Nome nao identificado;2;2;133,440723;133,441;17,61430282;;;;;;;1,496824502;19,11112732;Pequena;714;1;0,799;714;0,000133374;0;0,000133369;0;0;0;0;0
108;6824;4;Bacia do Rio Quarai;Rio Quarai;Rio Sarandi, Arroio Garupa;Bacia do Rio Sarandi, Bacia do Arroio Garupa;Bacia do Rio da Prata e Bacia do Rio Uruguai;5;3;14628,46889;6652,998;364,7424141;169;1385,686763;8,199329957;0,011552815;0,094725345;10556,83671;791,198127;1155,940541;Media;25822;5;508;25822;14,934;0,0781263;0,0101009;0,000257213;0,000191631;0;0,367339;14,478
109;6898;4;Bacia do Corixo Grande;Corixo Grande;Rio Santa Rita e Rio Las Petas;Bacia Las Petas-Santa Rita;Bacia do Rio da Prata;6;2;56021,48864;12461,89;409,4430561;126;1718,162396;13,63620949;0,002249137;0,030669703;32605,46778;3062,025766;3471,468822;Media;3660;5;75,38;3660;0,426634;0,00164262;0,00779835;0,0000421;0;0;0,411463;0,00568824
110;6484;4;Bacia do Rio Branco;Rio Branco;Rio Tacutu, Rio Catrimani, Rio Anaua, Rio Mucajai;Bacia do Rio Mucajai, Bacia do Rio Catrimani, Bacia do Rio Anaua, Bacia do Rio Tacutu;Bacia do Rio Amazonas e Bacia do Rio Negro;8;3;193085,3337;178982,243;1341,987376;7424;29928,86967;4,031367143;0,038449321;0,15500333;6451,474307;1815,119524;3157,106901;Media;395641;16;521,429;395641;5,78857;1,54097;0,142666;0,033754;0,00127828;0;0,436516;3,63339
111;6686;4;Bacia do Ribeirao Areoes;Ribeirao Areoes;Ribeirao Jatoba, Ribeirao Cachoeira, Ribeirao Jau, Ribeirao Sao Rafael;Bacia do Ribeirao Cachoeira, Bacia do Ribeirao Sao Rafael, Bacia do Ribeirao Jau, Bacia do Ribeirao Jatoba;Bacia Tocantins-Araguaia e Bacia do Rio das Mortes;6;3;3584,418954;3584,419;203,162943;162;594,5988452;3,670363242;0,04519561;0,165884305;6028,297872;2208,118338;2411,281281;Pequena;22686;4;8,068;22686;0,29949;0,0735325;0,00323218;0,00868572;0,00015606;0;0,128455;0,0854285
113;6448;4;Bacia do Rio do Sangue;Rio do Sangue;Rio Membeca, Rio Treze de Maio, Rio Cravari;Bacia do Rio Cravari, Bacia do Rio Treze de Maio, Bacia do Rio Membeca;Bacia do Rio Amazonas e Bacia do Rio Tapajos;6;3;28863,89782;28863,898;576,1271763;546;2851,358644;5,222268579;0,018916364;0,098786334;10122,8577;2028,685793;2604,812969;Media;43184;8;336,382;43184;1,46166;0,193848;0,0117059;0,144873;0,00031582;0;0,392586;0,718332
114;6412;4;Bacia do Rio Maraca-Pucu;Rio Maraca-Pucu;Igarape do Pedreiro, Rio Preto, Rio Matapi, Rio Vila Nova ou Anauerapucu;Bacia do Rio Matapi, Bacia do Rio Preto (AP), Bacia do Rio Vila Nova ou Anauerapucu, Bacia do Igarape do Pedreiro;Bacia do Rio Amazonas;6;2;13500,31509;13500,315;300,2023287;666;2632,342501;3,952466217;0,049332182;0,194983782;5128,631661;127,4590566;427,6613853;Media;293450;7;58,378;293450;2,40246;2,12771;0,0236692;0,0190271;0,00606592;0;0,0330899;0,192894
115;6694;4;Bacia do Rio Crixas-Acu;Rio Crixas-Acu;Rio Pintado, Rio Crixas-Mirim, Rio dos Bois, Rio Gregorio;Bacia do Rio Crixas-Mirim, Bacia do Rio dos Bois 1, Bacia do Rio Gregorio (GO), Bacia do Rio Pintado;Bacia Tocantins-Araguaia;7;2;23263,34764;23263,348;485,4674517;785;4190,628957;5,338380837;0,033744069;0,18013869;5551,278311;1926,190345;2411,657797;Media;76158;23;24,986;76158;2,64208;0,0990841;0,0214387;0,0030766;0,246023;0;1,28;0,992457
116;6626;4;Bacia do Rio Camaoi;Rio Camaoi;Rio Cauaxi, Rio Jacamim, Rio Anaja, Rio agua Boa;Bacia do Rio Anaja, Bacia do Rio agua Boa, Bacia do Rio Cauaxi, Bacia do Rio Jacamim;Bacia Tocantins-Araguaia e Bacia Capim-Ararandeua;4;3;2233,3062;2233,306;91,69741272;40;253,3282777;6,333206942;0,017910665;0,11343195;8815,858305;577,5589632;669,2563759;Pequena;163;2;12,346;163;0,0835266;0;0,00310904;0;0,0574414;0;0,0225472;0,000429069
117;6382;4;Bacia do Rio Amapari;Rio Amapari;Rio Cupixi, Rio Tucunapi, Rio Riozinho;Bacia do Rio Tucunapi, Bacia do Rio Riozinho (AP), Bacia do Rio Cupixi;Bacia do Rio Araguari;6;2;14968,35151;14968,352;382,0401686;718;2789,908937;3,885667043;0,047967874;0,186387187;5365,175655;287,2942653;669,3344338;Media;17304;6;82,541;17304;0,215464;0,0437648;0,0139307;0,000269161;0,152633;0;0,0047164;0,00014998
118;6752;4;Bacia do Rio Acarau;Rio Acarau;Rio Jatoba, Rio dos Macacos, Rio Groairas, Rio Jaibaras;Bacia do Rio dos Macacos, Bacia do Rio Jatoba, Bacia do Rio Jaibaras, Bacia do Rio Groairas;Nome nao identificado;6;1;14385,5443;14384,571;357,3691778;822;3117,489173;3,792565904;0,057140695;0,216709852;4614,464878;0;357,3691778;Media;630380;37;5,198;630380;3,82753;0,818881;0,192122;0,326928;0,0056891;0;0,250257;2,23365
119;6748;4;Bacia do Rio das Balsas;Rio das Balsas;Rio Cachoeira e Ribeirao Macapa, Rio Balsinhas, Rio Santo Antonio, Rio Neves;Bacia do Rio Santo Antonio (MA), Bacia do Rio Neves, Bacia do Rio Balsinhas, Bacia Cachoeira-Macapa;Bacia do Rio Parnaiba;6;2;25607,22396;25607,224;632,0808132;1123;4161,128229;3,705367969;0,043854812;0,162498217;6153,913687;886,5745283;1518,655341;Media;145239;17;88,203;145239;2,17915;0,342428;0,0341286;0,373198;0,000323451;0;0,192906;1,23616
120;6718;4;Bacia do Rio Turiacu;Rio Turiacu;Rio Parana, Igarape do Rola, Rio Caxias, Rio das Almas;Bacia do Igarape do Rola, Bacia do Rio Caxias, Bacia do Rio das Almas, Bacia do Rio Parana;Nome nao identificado;6;1;14020,6485;14020,648;504,2846996;222;1269,41192;5,71807171;0,01583379;0,090538745;11044,99515;0;504,2846996;Media;174117;19;10,907;174117;0,729277;0,279734;0,134607;0,000611515;0;0;0,201586;0,112739
121;6612;4;Bacia do Furo da Laura;Furo da Laura;Nome nao identificado;Nome nao identificado;Bacia Tocantins-Araguaia;4;2;475,046562;295,716;53,1412881;9;44,68999082;4,965554536;0,018945511;0,094074969;10629,82008;17,35774859;70,49903669;Pequena;42111;3;2,494;42111;0,0762802;0,0556701;0,0123232;0,00605009;0,000411536;0;0,00182534;0
122;6826;4;Bacia Ibicui-Santa Maria;Rio Ibicui e Rio Santa Maria;Rio Toropi, Rio Jaguari, Rio Ibirapuita, Ibicui da Armada;Bacia do Ibicui da Armada, Bacia do Rio Ibirapuita, Bacia do Rio Jaguari, Bacia do Rio Toropi;Bacia do Rio da Prata e Bacia do Rio Uruguai;7;3;47161,68392;47154,8;654,1229367;1347;7156,647743;5,313027277;0,028561321;0,151747078;6589,91271;917,2618772;1571,384814;Media;406911;34;57,802;406911;78,6103;0,955308;0,106903;0,0763176;0,00186114;0;2,33446;75,1354
123;6734;4;Bacia do Rio Munim;Rio Munim;Rio Mocambo, Rio Iguara, Rio Piranji;Bacia do Rio Iguara, Bacia do Rio Mocambo, Bacia do Rio Piranji (MA);Nome nao identificado;6;1;15835,61144;15835,611;441,5728572;318;1866,777453;5,87036935;0,020081321;0,117884773;8482,859812;0;441,5728572;Media;306073;31;10,575;306073;1,92972;0,601896;0,172279;0,956574;0,0000732;0;0,0756259;0,123274
124;6524;4;Bacia Anajas-Cururu;Rio Anajas e Rio Cururu;Furo Acarapireira, Rio Guajara, Rio Jurara;Bacia do Furo Acarapireira, Bacia do Rio Guajara 1, Bacia do Rio Jurara;Bacia do Rio Jacare Grande;6;2;6378,028652;6378,029;318,0222647;249;735,698055;2,954610662;0,039040276;0,115348816;8669,356414;71,84316469;389,8654293;Pequena;12001;5;18,407;12001;0,0773771;0,0232971;0,0220312;0,000132572;0;0;0,0267068;0,00520939
125;6778;4;Bacia do Rio Jequitinhonha;Rio Jequitinhonha;Rio Vacaria, Rio Salinas, Rio Aracuai, Rio Itacambirucu e Rio Congonhas;Bacia do Rio Vacaria, Bacia do Rio Salinas, Bacia Itacambirucu-Congonhas, Bacia do Rio Aracuai;Nome nao identificado;7;1;69766,86174;69766,862;1049,090297;2569;12871,34753;5,010255948;0,03682264;0,184490849;5420,323053;0;1049,090297;Media;780271;101;84,076;780271;20,9834;0,808825;0,430744;0,0328186;0,0418566;0;1,00782;18,6614
126;6722;4;Bacia do Rio Pindare;Rio Pindare;Rio Buriticupu, Lagoa Cajari, Rio Caru, Rio Zutiva;Bacia do Rio Caru, Bacia da Lagoa Cajari, Bacia do Rio Zutiva, Bacia do Rio Buriticupu;Bacia do Rio Mearim;6;2;40442,81163;40442,812;698,3973518;577;4281,285358;7,4199053;0,01426706;0,10586023;9446,418131;78,80723169;777,2045835;Media;604512;37;10,863;604512;3,83715;1,27098;0,342037;0,00722099;0,000170903;0;1,10349;1,11325
127;6666;4;Bacia do Rio Parana;Rio Parana;Rio Corrente, Rio Manso, Rio Palma, Rio Paraim;Bacia do Rio Manso, Bacia do Rio Paraim, Bacia do Rio Palma, Bacia do Rio Corrente (GO);Bacia Tocantins-Araguaia e Bacia do Rio Tocantins;7;3;59772,35991;59772,36;718,8244617;1211;8331,454366;6,87981368;0,020260201;0,139386405;7174,300822;1831,953948;2550,77841;Media;241218;47;553,526;241218;8,67412;0,36853;0,0695736;0,0235979;0,01134;0;1,39863;6,80245
128;6616;4;Bacia do Rio Taua;Rio Taua;Nome nao identificado;Nome nao identificado;Bacia Tocantins-Araguaia;5;2;1189,675655;1189,676;70,81109298;38;160,0907279;4,212913893;0,031941479;0,134566701;7431,258955;54,76924346;125,5803364;Pequena;66790;10;4,855;66790;0,848969;0,485925;0,0484534;0,0465988;0,000725888;0;0,0169468;0,25032
129;6592;4;Bacia de nome nao identificado;Nome nao identificado;Nome nao identificado;Nome nao identificado;Nome nao identificado;3;1;354,7122177;353,206;51,98979168;11;35,88156696;3,261960633;0,031011055;0,10115684;9885,639;0;51,98979168;Pequena;73;1;0,651;73;0,000154991;0;0,00010863;0;0;0;0;0,00004651
130;6772;4;Bacia do Rio Itapicuru;Rio Itapicuru;Rio Itapicuru-Mirim, Rio Jacurici, Riacho Macacara ou Ribeira do Pombal;Bacia do Riacho Macacara ou Ribeira do Pombal, Bacia do Rio Jacurici, Bacia do Rio Itapicuru-Mirim;Nome nao identificado;6;1;36081,14462;36081,057;533,8848293;364;3335,021009;9,16214563;0,010088372;0,092431131;10818,86577;0;533,8848293;Media;998907;58;3,098;998907;4,10595;0,803634;0,577165;0,0845417;0,0829714;0;0,652394;1,90524
132;6436;4;Bacia do Rio Curua-Una;Rio Curua-Una;Rio Moju, Rio Uruara;Bacia do Rio Uruara, Bacia do Rio Moju;Bacia do Rio Amazonas;7;2;31128,86994;31128,87;386,9986714;1998;6260,649958;3,133458438;0,064184791;0,201120374;4972,146686;612,4065518;999,4052233;Media;103039;12;100,978;103039;0,633255;0,156869;0,0755842;0,00209051;0,0000665;0;0,345565;0,0530793
133;6628;4;Bacia do Rio Surubiju;Rio Surubiju;Igarape agua Azul, Corrego do Mutum, Rio dos Patos;Bacia do Rio dos Patos (PA), Bacia do Corrego do Mutum, Bacia do Igarape agua Azul;Bacia Tocantins-Araguaia e Bacia Capim-Ararandeua;5;3;8371,255021;8371,255;321,229857;194;1031,562958;5,317334836;0,023174542;0,123226799;8115,117894;834,7446602;1155,974517;Pequena;9099;5;46,941;9099;0,30405;0;0,0251271;0;0,00221681;0;0,0458589;0,230847
134;6496;4;Bacia do Rio Jurua;Rio Jurua;Rio Mineruazinho, Rio Gregorio, Rio Envira, Rio Moa;Bacia do Rio Moa, Bacia do Rio Envira, Bacia do Rio Gregorio (AC/AM), Bacia do Rio Mineruazinho;Bacia do Rio Amazonas;8;2;187720,5849;176075,752;3087,106689;7758;34932,00521;4,502707554;0,04132738;0,186085107;5373,885174;2470,039051;5557,14574;Media;310314;26;944,643;310314;1,38695;0,921791;0,171924;0,00813837;0,000146801;0;0,278977;0,00597292
135;6724;4;Bacia do Rio Grajau;Rio Grajau;Baixao do Limao, Igarape do Salgado, Rio Santana;Bacia do Rio Santana (MA), Bacia do Igarape do Salgado, Bacia do Baixao do Limao;Bacia do Rio Mearim;6;2;22899,26658;22899,267;768,1942678;265;2031,793648;7,667145842;0,011572423;0,088727455;11270,46863;186,7051767;954,8994445;Media;307299;34;6,189;307299;1,46018;0,541793;0,19397;0,00799319;0,00165865;0;0,682232;0,0325367
136;6758;4;Bacia do Rio Paraiba;Rio Paraiba;Rio Sao Pedro, Rio Sucuru, Rio Monteiro, Rio Taperoa;Bacia do Rio Sucuru, Bacia do Rio Sao Pedro, Bacia do Rio Taperoa, Bacia do Rio Monteiro;Nome nao identificado;7;1;19914,54305;19899,821;420,7060501;477;2466,466615;5,170789549;0,023952345;0,123852534;8074,118229;0;420,7060501;Media;1396258;106;2,92;1396258;7,01666;2,77709;0,341555;1,46481;0,00812804;0;0,365464;2,05961
;;;;;;;;;;;;;;;;;;;;;;;;;;;;;;;;;
Fontes: 1. IBGE. 2. AgEncia Nacional de aguas e Saneamento Basico;;;;;;;;;;;;;;;;;;;;;;;;;;;;;;;;;
